Alias,Brand_Utama
Arcerpure,ACERPURE
VGEN,V-GEN
V GEN,V-GEN
PAVILION,HP
DUALSENSE PS5,PLAYSTATION
VICTUS,HP
IDEAPAD,LENOVO
MTECH,M-TECH
VANDISK,VANDISK
DAXA,REXUS
YIDOME,XIAOYI
YI DOME,XIAOYI
MERCUCYS,MERCUSYS
MI,XIAOMI
TTK-714,GOLDTOOL
INFERNO,M-TECH
ISC TINTA PRINTER/INK REFILL UNIVERSAL,ISC
ISC TINTA PRINTER/INK REFILL 790 CMY,ISC
TPLINK,TP-LINK
BLUEPRINT,BLUEPRINT
REXUS WIRELESS BLUETOOTH SILENT MOUSE,REXUS
REXUS,REXUS
COLORFUL GAMING NOTEBOOK RTX,COLORFUL
IZINET KABEL HDMI,IZINET
PROTOMIL HAIR GINSENG,PROTOMIL
ECO 58D,BLUEPRINT
REEXUS,REXUS
RIVA,REXUS
ECO58,BLUEPRINT
EVOL,COLORFUL
PT-H110,BROTHER
FUJIFIM,BROTHER
ALACTROZ,ALCATROZ
PRODIGY,LOGITECH
27GN750-B,LG
J-B-L,JBL
ddhifi,DD DDHIFI
tinhifi,TIN HIFI
KZ,KNOWLEDGE ZENITH
7HZ,7HERTZ
FUJIXEROX,FUJI XEROX
FUJIXERO,FUJI XEROX
FUJI XERO,FUJI XEROX
rujiie,RUIJIE
ptouch,BROTHER
pixel screen,PIXELSCREEN
Seageate,SEAGATE
XEROX,FUJI XEROX
Sones,ITEL
armaggedon,ARMAGGEDDON
armageddon,ARMAGGEDDON
vewsonic,VIEWSONIC
Designer PD3200U,BENQ
Designer PD2700Q,BENQ
Projector PH550,LG
Gaming FI27Q,GIGABYTE
Gaming MPG27CQ2,MSI
Projector PH450UG,LG
ProArt PA27AC,ASUS
LED E2222H,DELL
LED P2423DE,DELL
AORUS,GIGABYTE
Indoor Mi500,SPC
aceraltoz,ACER
TENVEO WEBCAM,TENOVEO
TENVEO VAT PORTABLE USB,TENOVEO
TENVOVEO CONFERENCE CAMERA ZOOM,TENOVEO
TENVOVEO SPEAKER BLUETOOTH,TENOVEO
TENVOVEO CONFERENCE PHONE SPEAKER,TENOVEO
MACBOOK,APPLE
TIGER ARC,FANTECH
GAMING CYBORG,MSI
GAMING GF63,MSI
EXUS,REXUS
WARFACTION,REXUS
SOTHING TURBO JET FAN,SOTHING ENGINE
COMBO KM11,REXUS
NOIR,NOIR
HEADSET GAMING G20,PLEXTONE
PROJECTOR PH30JG,LG
THERMAFROST,VURRION
ADATUM,ADATA
T-FORCE,TEAMGROUP
PREDATOR HERMES,ACER
MEMORY PREDATOR,PREDATOR
XAGATEK,XAGATEX
AUDIRECT,AUDIODIRECT
PERDANA TRI,TRI
BATERAI IPHONE,APPLE
LENOVO22,LENOVO
KHUN PAEN BLESSING LUANG PU HONG / KHUN PHEN LP HONG ASLI 100%,FUJI XEROX
COLORFULL,COLORFUL
MACBOOK,APPLE
PTOUCH,BROTHER
SONES,ITEL
MACBOOK,APPLE
PTOUCH,BROTHER
SONES,ITEL
KM11,REXUS
IDEAPAD,LENOVO
VICTUS,HP
HDD,THERMAFROST
ADATUM,ADATA
PAVILION,HP
DUALSENSE,SONY
PH550,LG
PEGBOARD DIY GP1,OXIMUS
PH450UG,LG
MINI PROJECTOR PH30JG,LG
MAG Z790,MSI
GO PRO,GOPRO
KERTAS STRUK TAHAN LAKBAN ANTI MINYAK 57X40MM,BLUEPRINT
REDMI,XIAOMI
TAPO,TP-LINK
TL-MR100,TP-LINK
KZ,KNOWLEDGE ZENITH
7Hz,7HERTZ
TP LINK,TP-LINK
SamsungCurved ,SAMSUNG
VESA,ACER
GP N240H ,HP